Iteration,F1,Train Times,Test Times
1,0.003968387403511519,0.005984,0.071809
2,0.798183609484745,1.487009,0.068815
3,0.798183609484745,2.139277,0.075798
4,0.798183609484745,1.538914,0.077795
5,0.8398514296512893,2.125572,0.07879
6,0.8411481175490308,1.63662,0.067857
7,0.8398386956753907,1.969733,0.069811
8,0.8306673826886048,1.536889,0.066858
9,0.8201374772940897,1.715447,0.071772
10,0.8356169423558745,2.344556,0.065823
